Value,Type
BB93AE0FEE817FE56C31BDC997F3F7D57A48C187,FileHash
4D1B8791D0715FE316B43FC95BDC335CB31A82CA,FileHash
2D336978AF261E07B1ECFAF65DC903B239E287A4,FileHash
F2D04FE529E2D8DAB96242305255CFB84CE81E9C,FileHash
F8D46895E738254238473D650D99BDC92C34EE44,FileHash
9267FE0BB6D367FC9186E89EA65B13BAA7418D87,FileHash
A009A0F5A385683AEA74299CBE6D5429C609F2D2,FileHash
1316F715D228AE6CC1FBA913C6CC309861F82E14,FileHash
1275894D8231FE25DB56598DDCF869F88DF5AD8D,FileHash
9139C89B2B625E2CEEE2CBF72AEF6C5104707A26,FileHash
082DBCA2C3CA5C5410DE9951A5C681F0C42235C8,FileHash
C:\Windows\temp\bc.bat,FilePath
C:\Windows\AppPatch\Custom\Custom64\cc.bat,FilePath
C:\Windows\temp\cc.log,FilePath
C:\Windows\AppPatch\Custom\Custom64\log.dat,FilePath
C:\Windows\Branding\Basebrd\x64.tlb,FilePath
C:\Windows\Branding\Basebrd\language.dll,FilePath
C:\Windows\System32\mscuplt.dll,FilePath
C:\Windows\System32\rpcutl.dll,FilePath
C:\Windows\System32\dot3utl.dll,FilePath
C:\Windows\System32\iumatl.dll,FilePath
C:\Windows\System32\Nlsutl.dll,FilePath
C:\Windows\System32\WindowsPowerShell\v1.0\dbghelp.dll,FilePath
C:\Windows\System32\drivers\bqDsp.sys,FilePath
C:\Windows\apppatch\en-us\MFSDLL.exe,FilePath
C:\Windows\System32\spool\drivers\x64\3\prntvpt.dll,FilePath
C:\Windows\System32\WindowsPowerShell\v1.0\wlbsctrl.dll,FilePath
C:\Windows\assembly\gac_msil\dfsvc\foserv.exe,FilePath
C:\Windows\assembly\temp\foserv.exe,FilePath
C:\Windows\apppatch\custom\custom64\shiver.exe,FilePath
C:\Windows\apppatch\custom\custom64\spark.exe,FilePath
mktzx64.dll,Filename
Cmp2.o,Filename
Fmg2.o,Filename
Srv2.o,Filename
Sck2.o,Filename
Prc2.o,Filename
Trs2.o,Filename
Cme2.o,Filename